<?xml version="1.0" encoding="UTF-8"?>
<project-private xmlns="http://www.netbeans.org/ns/project-private/1">
    <editor-bookmarks xmlns="http://www.netbeans.org/ns/editor-bookmarks/2" lastBookmarkId="0"/>
    <open-files xmlns="http://www.netbeans.org/ns/projectui-open-files/2">
        <group>
            <file>file:/C:/Users/57321/Desktop/UPTC/Tercer%20Semestre/Programación%20II/Manage%20People/src/presenters/Main.java</file>
            <file>file:/C:/Users/57321/Desktop/UPTC/Tercer%20Semestre/Programación%20II/Manage%20People/src/controllers/PersonController.java</file>
            <file>file:/C:/Users/57321/Desktop/UPTC/Tercer%20Semestre/Programación%20II/Manage%20People/src/models/Person.java</file>
        </group>
    </open-files>
</project-private>
